{
 "features": [
  "n_shots",
  "letters_refused_frac",
  "dirs_refused_frac",
  "serve_zone_committed",
  "ending_committed",
  "serve_committed",
  "crossings_gap",
  "max_hole_s",
  "serve_s",
  "serve_launch_plausible",
  "xr_pre_serve"
 ],
 "mu": [
  5.423625254582484,
  0.28341998081906217,
  0.06375817352515567,
  0.6496945010183299,
  0.6945010183299389,
  0.9592668024439919,
  0.6945010183299389,
  0.7012219959266803,
  1.5281262729124234,
  0.3258655804480652,
  0.059063136456211814
 ],
 "sd": [
  3.7492391480812173,
  0.31582905671172706,
  0.18681221853420607,
  0.477065568203023,
  0.4606184471649141,
  0.19767145512913933,
  0.9596494106407603,
  0.5679477952875456,
  1.3653115071477497,
  0.4686973478987381,
  0.30370143260869553
 ],
 "weights": [
  0.9200278288918277,
  -1.519171319650985,
  -0.03494534169871296,
  0.19839697515425808,
  0.4446705469562524,
  0.07722124363982931,
  0.2586729286658944,
  -0.20894494994330298,
  0.03314448273861499,
  0.2677712919308244,
  0.3544513974644181,
  -0.31423767846493433
 ],
 "t_high": 0.7527859763768056,
 "good_edits": 5,
 "precision_target": 0.9,
 "gate": "serve_launch_plausible == 1 and xr_pre_serve < 2 and rally_spineless == 0",
 "n_train": 491,
 "note": "fit on all 491 points across 7 matches; honest numbers are the LOMO table in docs/benchmark.md"
}