{
 "features": [
  "n_shots",
  "letters_refused_frac",
  "dirs_refused_frac",
  "serve_zone_committed",
  "ending_committed",
  "serve_committed",
  "crossings_gap",
  "max_hole_s",
  "serve_s",
  "serve_launch_plausible"
 ],
 "mu": [
  5.733333333333333,
  0.30389637111859336,
  0.0358994708994709,
  0.48148148148148145,
  0.725925925925926,
  0.8666666666666667,
  0.9407407407407408,
  0.6498765432098765,
  1.6085185185185185,
  0.6222222222222222
 ],
 "sd": [
  3.540663256551842,
  0.3050603036250579,
  0.1326655596038429,
  0.4996569467863719,
  0.4460464953281362,
  0.33993463423951903,
  1.3375653003814942,
  0.588810254345675,
  1.7214044733206009,
  0.4848316495393651
 ],
 "weights": [
  0.5059692323458562,
  -1.2052044273912335,
  0.07856779517273103,
  0.23115675485808174,
  0.3241439633085494,
  0.435248314083573,
  -0.38477958558206493,
  -0.30205106034479984,
  -0.2666037812454282,
  -0.47149754471760397,
  0.7234347914241666
 ],
 "t_high": 0.7647189363859813,
 "good_edits": 5,
 "precision_target": 0.9,
 "gate": "serve_launch_plausible == 1",
 "n_train": 135,
 "note": "fit on all 4 benchmark matches; honest numbers are the LOMO table in docs/benchmark.md"
}