{
 "features": [
  "n_shots",
  "letters_refused_frac",
  "dirs_refused_frac",
  "serve_zone_committed",
  "ending_committed",
  "serve_committed",
  "crossings_gap",
  "max_hole_s",
  "serve_s",
  "serve_launch_plausible"
 ],
 "mu": [
  5.423625254582484,
  0.28341998081906217,
  0.06375817352515567,
  0.6496945010183299,
  0.6945010183299389,
  0.9592668024439919,
  0.6945010183299389,
  0.7012219959266803,
  1.5281262729124234,
  0.3258655804480652
 ],
 "sd": [
  3.7492391480812173,
  0.31582905671172706,
  0.18681221853420607,
  0.477065568203023,
  0.4606184471649141,
  0.19767145512913933,
  0.9596494106407603,
  0.5679477952875456,
  1.3653115071477497,
  0.4686973478987381
 ],
 "weights": [
  0.8986531514066904,
  -1.497218053864391,
  -0.0382500004366702,
  0.22400875641659213,
  0.4084450424923751,
  0.07416687528628009,
  0.17810337010716665,
  -0.29808852393431,
  0.07015706558063087,
  0.13125980962954933,
  0.2996406506990093
 ],
 "t_high": 0.7314409372337782,
 "good_edits": 5,
 "precision_target": 0.9,
 "gate": "serve_launch_plausible == 1",
 "n_train": 491,
 "note": "fit on all 4 benchmark matches; honest numbers are the LOMO table in docs/benchmark.md"
}