{
 "generated": "2026-07-22",
 "per_match": {
  "g1": {
   "precision_num": 4,
   "precision_den": 7,
   "coverage": 0.35
  },
  "t1": {
   "precision_num": 10,
   "precision_den": 10,
   "coverage": 0.45454545454545453
  },
  "t2": {
   "precision_num": 3,
   "precision_den": 3,
   "coverage": 0.6
  },
  "t3": {
   "precision_num": 15,
   "precision_den": 18,
   "coverage": 0.3050847457627119
  },
  "t4": {
   "precision_num": 13,
   "precision_den": 13,
   "coverage": 0.2653061224489796
  },
  "t5": {
   "precision_num": 16,
   "precision_den": 21,
   "coverage": 0.29577464788732394
  },
  "t6": {
   "precision_num": 63,
   "precision_den": 65,
   "coverage": 0.5078125
  },
  "t7": {
   "precision_num": 85,
   "precision_den": 90,
   "coverage": 0.5732484076433121
  }
 },
 "pooled": {
  "precision_num": 209,
  "precision_den": 227,
  "coverage": 0.44422700587084146
 },
 "confusion": {
  "high": {
   "0-1": 24,
   "2": 56,
   "3-5": 129,
   "6+": 18,
   "total": 227
  },
  "low": {
   "0-1": 4,
   "2": 12,
   "3-5": 112,
   "6+": 156,
   "total": 284
  }
 },
 "strict_tier": {
  "precision_num": 5,
  "precision_den": 7,
  "coverage": 0.0136986301369863
 },
 "base_rate": 0.6594911937377691,
 "n": 511
}