{
 "features": [
  "n_shots",
  "letters_refused_frac",
  "dirs_refused_frac",
  "serve_zone_committed",
  "ending_committed",
  "serve_committed",
  "crossings_gap",
  "max_hole_s",
  "serve_s",
  "serve_launch_plausible",
  "xr_pre_serve"
 ],
 "mu": [
  5.387475538160469,
  0.28859318071245454,
  0.06289353529194672,
  0.6379647749510763,
  0.6927592954990215,
  0.9569471624266145,
  0.7377690802348337,
  0.8505544683626876,
  1.6300978473581214,
  0.7906066536203522,
  0.05870841487279843
 ],
 "sd": [
  3.747218105374314,
  0.31874454102484534,
  0.18490533258326122,
  0.4805889312840016,
  0.46135003413755254,
  0.20297608418300217,
  1.0134719313715692,
  0.9761936996230128,
  1.4669838695092914,
  0.4068756233440148,
  0.3008102156170912
 ],
 "weights": [
  0.8512869606326503,
  -1.4715902524665,
  -0.0489991155093453,
  0.2176724059416483,
  0.1372128315489881,
  0.12735116411600805,
  0.27188646946595535,
  -0.20885478517260703,
  -0.28053970113019383,
  0.32685623160922744,
  0.4381664648862335,
  -0.2436066625972865
 ],
 "t_high": 0.746459951007654,
 "good_edits": 5,
 "precision_target": 0.9,
 "gate": "serve_launch_plausible == 1 and xr_pre_serve < 2 and rally_spineless == 0",
 "n_train": 511,
 "note": "fit on all 511 points across 8 matches; honest numbers are the LOMO table in docs/benchmark.md"
}