{
 "features": [
  "n_shots",
  "letters_refused_frac",
  "dirs_refused_frac",
  "serve_zone_committed",
  "ending_committed",
  "serve_committed",
  "crossings_gap",
  "max_hole_s",
  "serve_s",
  "serve_launch_plausible",
  "xr_pre_serve"
 ],
 "mu": [
  5.423625254582484,
  0.28341998081906217,
  0.06375817352515567,
  0.6496945010183299,
  0.6945010183299389,
  0.9592668024439919,
  0.6945010183299389,
  0.7012219959266803,
  1.5281262729124234,
  0.7983706720977597,
  0.059063136456211814
 ],
 "sd": [
  3.7492391480812173,
  0.31582905671172706,
  0.18681221853420607,
  0.477065568203023,
  0.4606184471649141,
  0.19767145512913933,
  0.9596494106407603,
  0.5679477952875456,
  1.3653115071477497,
  0.4012168267058738,
  0.30370143260869553
 ],
 "weights": [
  0.914454877526352,
  -1.5250973138527226,
  -0.06134393248684214,
  0.19876446095714095,
  0.1758279099450394,
  0.08992823564194978,
  0.21653160217367634,
  -0.18475128814067973,
  0.027094891363103238,
  0.26728820395066005,
  0.4107582560732125,
  -0.24829502486583113
 ],
 "t_high": 0.7440544915548508,
 "good_edits": 5,
 "precision_target": 0.9,
 "gate": "serve_launch_plausible == 1 and xr_pre_serve < 2 and rally_spineless == 0",
 "n_train": 491,
 "note": "fit on all 491 points across 7 matches; honest numbers are the LOMO table in docs/benchmark.md"
}