{
 "generated": "2026-07-20",
 "per_match": {
  "t1": {
   "precision_num": 10,
   "precision_den": 10,
   "coverage": 0.45454545454545453
  },
  "t2": {
   "precision_num": 3,
   "precision_den": 3,
   "coverage": 0.6
  },
  "t3": {
   "precision_num": 16,
   "precision_den": 20,
   "coverage": 0.3389830508474576
  },
  "t4": {
   "precision_num": 15,
   "precision_den": 17,
   "coverage": 0.3469387755102041
  },
  "t5": {
   "precision_num": 17,
   "precision_den": 22,
   "coverage": 0.30985915492957744
  },
  "t6": {
   "precision_num": 68,
   "precision_den": 70,
   "coverage": 0.546875
  },
  "t7": {
   "precision_num": 86,
   "precision_den": 92,
   "coverage": 0.5859872611464968
  }
 },
 "pooled": {
  "precision_num": 215,
  "precision_den": 234,
  "coverage": 0.47657841140529533
 },
 "confusion": {
  "high": {
   "0-1": 25,
   "2": 57,
   "3-5": 133,
   "6+": 19,
   "total": 234
  },
  "low": {
   "0-1": 3,
   "2": 10,
   "3-5": 101,
   "6+": 143,
   "total": 257
  }
 },
 "strict_tier": {
  "precision_num": 4,
  "precision_den": 6,
  "coverage": 0.012219959266802444
 },
 "base_rate": 0.670061099796334,
 "n": 491
}